INSERT INTO user (id, username, password) VALUES(1, 'admin', '30274c47903bd1bac7633bbf09743149ebab805f')
INSERT INTO userrole (user_id, roles) VALUES (1, 'ADMIN')
INSERT INTO user (id, username, password) VALUES(2, 'user1', '30274c47903bd1bac7633bbf09743149ebab805f')
INSERT INTO userrole (user_id, roles) VALUES (2, 'SUPERVISOR')
INSERT INTO user (id, username, password) VALUES(3, 'sup2', '30274c47903bd1bac7633bbf09743149ebab805f')
INSERT INTO userrole (user_id, roles) VALUES (3, 'SUPERVISOR')
INSERT INTO user (id, username, password) VALUES(4, 'sup3', '30274c47903bd1bac7633bbf09743149ebab805f')
INSERT INTO userrole (user_id, roles) VALUES (4, 'SUPERVISOR')
INSERT INTO user (id, username, password) VALUES(5, 'sup4', '30274c47903bd1bac7633bbf09743149ebab805f')
INSERT INTO userrole (user_id, roles) VALUES (5, 'SUPERVISOR')
INSERT INTO user (id, username, password) VALUES(6, 'user2', '30274c47903bd1bac7633bbf09743149ebab805f')
INSERT INTO userrole (user_id, roles) VALUES (6, 'PARENTS')
INSERT INTO user (id, username, password) VALUES(7, 'par2', '30274c47903bd1bac7633bbf09743149ebab805f')
INSERT INTO userrole (user_id, roles) VALUES (7, 'PARENTS')
INSERT INTO user (id, username, password) VALUES(8, 'par3', '30274c47903bd1bac7633bbf09743149ebab805f')
INSERT INTO userrole (user_id, roles) VALUES (8, 'PARENTS')
INSERT INTO user (id, username, password) VALUES(9, 'par4', '30274c47903bd1bac7633bbf09743149ebab805f')
INSERT INTO userrole (user_id, roles) VALUES (9, 'PARENTS')
INSERT INTO user (id, username, password) VALUES(10, 'par5', '30274c47903bd1bac7633bbf09743149ebab805f')
INSERT INTO userrole (user_id, roles) VALUES (10, 'PARENTS')
INSERT INTO user (id, username, password) VALUES(11, 'par6', '30274c47903bd1bac7633bbf09743149ebab805f')
INSERT INTO userrole (user_id, roles) VALUES (11, 'PARENTS')
INSERT INTO user (id, username, password) VALUES(12, 'par7', '30274c47903bd1bac7633bbf09743149ebab805f')
INSERT INTO userrole (user_id, roles) VALUES (12, 'PARENTS')
INSERT INTO user (id, username, password) VALUES(13, 'par8', '30274c47903bd1bac7633bbf09743149ebab805f')
INSERT INTO userrole (user_id, roles) VALUES (13, 'PARENTS')
INSERT INTO user (id, username, password) VALUES(14, 'par9', '30274c47903bd1bac7633bbf09743149ebab805f')
INSERT INTO userrole (user_id, roles) VALUES (14, 'PARENTS')

insert into person (id, firstname, lastname, sex, mail, phone, birthdate, businessphone) values (1, 'Rainer', 'Zufall', false, 'rz@mail.com', '123456789', '2000-01-02', '1234897235')
insert into person (id, firstname, lastname, sex, mail, phone, birthdate, businessphone) values (2, 'Willma', 'Reihn', true, 'wr@mail.com', '987654321', '2000-01-03', '8472962345')
insert into person (id, firstname, lastname, sex, mail, phone, birthdate, businessphone) values (3, 'Karl', 'Toffel', false, 'kt@mail.com', '123498765', '2000-01-04', '2357893265')
insert into person (id, firstname, lastname, sex, mail, phone, birthdate, businessphone) values (4, 'Frank', 'Reich', false, 'fr@mail.com', '543216789', '2000-01-05', '4563412384')
insert into person (id, firstname, lastname, sex, mail, phone, birthdate, businessphone) values (5, 'Dennis', 'Schläger', false, 'ds@mail.com', '213465789', '2000-01-06', '235703124513')
insert into person (id, firstname, lastname, sex, mail, phone, birthdate, businessphone) values (6, 'Karl', 'Kulator', false, 'kkulator@mail.com', '124356879', '2000-01-07', '238947562314')
insert into person (id, firstname, lastname, sex, mail, phone, birthdate, businessphone) values (7, 'Kurt', 'Schluss', false, 'ks@mail.com', '135792468', '2000-01-08', '78623456829')
insert into person (id, firstname, lastname, sex, mail, phone, birthdate, businessphone) values (8, 'Ernst', 'Haft', false, 'eh@mail.com', '135792466', '2000-01-09', '78623456828')
insert into person (id, firstname, lastname, sex, mail, phone, birthdate, businessphone) values (9, 'Jana', 'Türlich', true, 'jn@mail.com', '135792467', '2000-02-01', '78623456827')
insert into person (id, firstname, lastname, sex, mail, phone, birthdate, businessphone) values (10, 'Klara', 'Fall', true, 'kf@mail.com', '1387492367', '2000-02-03', '18625456827')
insert into person (id, firstname, lastname, sex, mail, phone, birthdate, businessphone) values (11, 'Santer', 'Klaus', false, 'sk@mail.com', '135732367', '2000-02-04', '18625256827')
insert into person (id, firstname, lastname, sex, mail, phone, birthdate, businessphone) values (12, 'Peter', 'Silie', false, 'ps@mail.com', '133792367', '2000-02-05', '18623456828')
insert into person (id, firstname, lastname, sex, mail, phone, birthdate, businessphone) values (13, 'Klaus', 'Uhr', false, 'ku@mail.com', '135792333', '2000-02-06', '18625556827')
insert into person (id, firstname, lastname, sex, mail, phone, birthdate, businessphone) values (14, 'Isolde', 'Maduschen', true, 'im@mail.com', '12345141', '2000-02-07', '12345142')
insert into person (id, firstname, lastname, sex, mail, phone, birthdate, businessphone) values (15, 'Andy', 'Arbeit', false, 'aa@mail.com', '12345151', '2000-02-08', '12345152')
insert into person (id, firstname, lastname, sex, mail, phone, birthdate, businessphone) values (16, 'Axel', 'Schweiß', false, 'as@mail.com', '12345161', '2000-02-09', '12345162')
insert into person (id, firstname, lastname, sex, mail, phone, birthdate, businessphone) values (17, 'Andre', 'Seite', false, 'as2@mail.com', '12345171', '2000-03-01', '12345172')
insert into person (id, firstname, lastname, sex, mail, phone, birthdate, businessphone) values (18, 'Franz', 'Ohse', false, 'fo@mail.com', '12345181', '2000-03-02', '12345182')
insert into person (id, firstname, lastname, sex, mail, phone, birthdate, businessphone) values (19, 'Anna', 'Nass', true, 'an@mail.com', '12345191', '2000-03-03', '12345192')
insert into person (id, firstname, lastname, sex, mail, phone, birthdate, businessphone) values (20, 'Karl', 'Rasur', false, 'krasur@mail.com', '12345201', '2000-03-04', '12345202')
insert into person (id, firstname, lastname, sex, mail, phone, birthdate, businessphone) values (21, 'Lee', 'Mone', false, 'lm@mail.com', '12345211', '2000-03-05', '12345212')
insert into person (id, firstname, lastname, sex, mail, phone, birthdate, businessphone) values (22, 'Mario', 'Nette', false, 'mn@mail.com', '12345221', '2000-03-06', '12345222')
insert into person (id, firstname, lastname, sex, mail, phone, birthdate, businessphone) values (23, 'Ali', 'Gator', false, 'ag@mail.com', '12345231', '2000-03-07', '12345232')
insert into person (id, firstname, lastname, sex, mail, phone, birthdate, businessphone) values (24, 'Erhard', 'Pech', false, 'ep@mail.com', '12345241', '2000-03-08', '12345242')
insert into person (id, firstname, lastname, sex, mail, phone, birthdate, businessphone) values (25, 'Jan', 'Uar', false, 'ju@mail.com', '12345251', '2000-03-09', '12345252')
insert into person (id, firstname, lastname, sex, mail, phone, birthdate, businessphone) values (26, 'Ken', 'Stumich', false, 'ks2@mail.com', '12345261', '2000-04-01', '12345262')
insert into person (id, firstname, lastname, sex, mail, phone, birthdate, businessphone) values (27, 'Finn', 'Derlohn', false, 'fd@mail.com', '12345271', '2000-04-02', '12345272')
insert into person (id, firstname, lastname, sex, mail, phone, birthdate, businessphone) values (28, 'Ben', 'Deriss', false, 'bd@mail.com', '12345281', '2000-04-03', '12345282')
insert into person (id, firstname, lastname, sex, mail, phone, birthdate, businessphone) values (29, 'Nena', 'Del', true, 'nd@mail.com', '12345291', '2000-04-04', '12345292')
insert into person (id, firstname, lastname, sex, mail, phone, birthdate, businessphone) values (30, 'Anna', 'Log', true, 'al@mail.com', '12345301', '2013-04-05', '12345302')
insert into person (id, firstname, lastname, sex, mail, phone, birthdate, businessphone) values (31, 'Anna', 'Gramm', true, 'ag2@mail.com', '12345311', '2013-04-06', '12345312')
insert into person (id, firstname, lastname, sex, mail, phone, birthdate, businessphone) values (32, 'Erkan', 'Alles', false, 'ea2@mail.com', '12345321', '2013-04-07', '12345322')
insert into person (id, firstname, lastname, sex, mail, phone, birthdate, businessphone) values (33, 'Gerd', 'Nehr', false, 'gn2@mail.com', '12345331', '2013-04-08', '12345332')
insert into person (id, firstname, lastname, sex, mail, phone, birthdate, businessphone) values (34, 'Ismir', 'Schnuppe', false, 'ischnuppe@mail.com', '12345341', '2013-04-09', '12345342')
insert into person (id, firstname, lastname, sex, mail, phone, birthdate, businessphone) values (35, 'Sam', 'Urei', false, 'sauerei@mail.com', '12345351', '2013-05-01', '12345352')
insert into person (id, firstname, lastname, sex, mail, phone, birthdate, businessphone) values (36, 'Phil', 'Fraß', false, 'pfrass@mail.com', '12345361', '2013-05-02', '12345362')
insert into person (id, firstname, lastname, sex, mail, phone, birthdate, businessphone) values (37, 'Karl', 'Ender', false, 'kalender@mail.com', '12345371', '2013-05-03', '12345372')
insert into person (id, firstname, lastname, sex, mail, phone, birthdate, businessphone) values (38, 'Jim', 'Panse', false, 'jpanse@mail.com', '12345381', '2013-05-04', '12345382')
insert into person (id, firstname, lastname, sex, mail, phone, birthdate, businessphone) values (39, 'Johannes', 'Kraut', false, 'jkraut@mail.com', '12345391', '2013-05-05', '12345392')
insert into person (id, firstname, lastname, sex, mail, phone, birthdate, businessphone) values (40, 'Ben', 'Zin', false, 'benzin@mail.com', '12345401', '2013-05-06', '12345402')
insert into person (id, firstname, lastname, sex, mail, phone, birthdate, businessphone) values (41, 'Anna', 'Lyse', true, 'annalyse@mail.com', '12345411', '2013-05-07', '12345412')
insert into person (id, firstname, lastname, sex, mail, phone, birthdate, businessphone) values (42, 'Moni', 'Thor', true, 'monithor@mail.com', '12345421', '2013-05-08', '12345422')
insert into person (id, firstname, lastname, sex, mail, phone, birthdate, businessphone) values (43, 'Tino', 'Saurier', false, 'tinosauerier@mail.com', '12345431', '2013-05-09', '12345432')
insert into person (id, firstname, lastname, sex, mail, phone, birthdate, businessphone) values (44, 'Johannes', 'Bäre', false, 'jbäre@mail.com', '12345441', '2013-06-01', '12345442')
insert into person (id, firstname, lastname, sex, mail, phone, birthdate, businessphone) values (45, 'Roy', 'Ber', false, 'royber@mail.com', '12345451', '2013-06-02', '12345452')
insert into person (id, firstname, lastname, sex, mail, phone, birthdate, businessphone) values (46, 'Ellen', 'Bogen', false, 'ellenbogen@mail.com', '12345461', '2013-06-03', '12345462')
insert into person (id, firstname, lastname, sex, mail, phone, birthdate, businessphone) values (47, 'Mario', 'Nese', false, 'marionese@mail.com', '12345471', '2013-06-04', '12345472')
insert into person (id, firstname, lastname, sex, mail, phone, birthdate, businessphone) values (48, 'Frank', 'Furt', false, 'frankfurter@mail.com', '12345481', '2013-06-05', '12345482')
insert into person (id, firstname, lastname, sex, mail, phone, birthdate, businessphone) values (49, 'Claire', 'Werk', true, 'clairewerk@mail.com', '12345491', '2013-06-06', '12345492')
insert into person (id, firstname, lastname, sex, mail, phone, birthdate, businessphone) values (50, 'Klaus', 'Taler', false, 'ktbier@mail.com', '12345501', '2013-06-07', '12345502')

insert into supervisor (id, person, user) values (1, 1, 2)
insert into supervisor (id, person, user) values (2, 2, 3)
insert into supervisor (id, person, user) values (3, 3, 4)
insert into supervisor (id, person, user) values (4, 4, 5)

insert into parent (id, active, mother, father, user) values (1, true, 5, 6, 6)
insert into parent (id, active, mother, father, user) values (2, true, 7, 8, 7)
insert into parent (id, active, mother, father, user) values (3, true, 9, 10, 8)
insert into parent (id, active, mother, father, user) values (4, true, 11, 12, 9)
insert into parent (id, active, mother, father, user) values (5, true, 13, 14, 10)
insert into parent (id, active, mother, father, user) values (6, true, 15, 16, 11)
insert into parent (id, active, mother, father, user) values (7, true, 17, 18, 12)
insert into parent (id, active, mother, father, user) values (8, true, 19, 20, 13)
insert into parent (id, active, mother, father, user) values (9, false, 21, 22, 14)

insert into contact (id, person, verified) values (1, 23, true)
insert into contact (id, person, verified) values (2, 24, true)
insert into contact (id, person, verified) values (3, 25, true)
insert into contact (id, person, verified) values (4, 26, true)
insert into contact (id, person, verified) values (5, 27, true)
insert into contact (id, person, verified) values (6, 28, true)
insert into contact (id, person, verified) values (7, 29, false)

insert into child (id, registrationdate, cancellationdate, person, parents, puttimebegin, puttimeend, picktimebegin, picktimeend) values (1, '2017-06-01', '2017-07-01', 30, 1, '07:30:00', '08:00:00', '13:30:00', '14:00:00')
insert into child (id, registrationdate, cancellationdate, person, parents, puttimebegin, puttimeend, picktimebegin, picktimeend) values (2, '2017-06-01', '2017-07-02', 31, 1, '07:15:00', '08:00:00', '13:30:00', '14:00:00')
insert into child (id, registrationdate, cancellationdate, person, parents, puttimebegin, puttimeend, picktimebegin, picktimeend) values (3, '2017-06-01', '2017-07-03', 32, 2, '07:30:00', '08:00:00', '13:30:00', '14:00:00')
insert into child (id, registrationdate, cancellationdate, person, parents, puttimebegin, puttimeend, picktimebegin, picktimeend) values (4, '2017-06-01', '2017-07-04', 33, 2, '07:30:00', '08:00:00', '13:30:00', '14:00:00')
insert into child (id, registrationdate, cancellationdate, person, parents, puttimebegin, puttimeend, picktimebegin, picktimeend) values (5, '2017-06-01', '2017-07-05', 34, 3, '07:30:00', '08:00:00', '13:30:00', '14:00:00')
insert into child (id, registrationdate, cancellationdate, person, parents, puttimebegin, puttimeend, picktimebegin, picktimeend) values (6, '2017-06-01', '2017-07-06', 35, 3, '07:30:00', '08:00:00', '13:30:00', '14:00:00')
insert into child (id, registrationdate, cancellationdate, person, parents, puttimebegin, puttimeend, picktimebegin, picktimeend) values (7, '2017-06-01', '2017-07-07', 36, 3, '07:30:00', '08:00:00', '13:30:00', '14:00:00')
insert into child (id, registrationdate, cancellationdate, person, parents, puttimebegin, puttimeend, picktimebegin, picktimeend) values (8, '2017-06-01', '2017-07-08', 37, 4, '07:00:00', '08:00:00', '13:30:00', '14:00:00')
insert into child (id, registrationdate, cancellationdate, person, parents, puttimebegin, puttimeend, picktimebegin, picktimeend) values (9, '2017-06-01', '2017-07-09', 38, 5, '07:30:00', '08:00:00', '13:30:00', '14:00:00')
insert into child (id, registrationdate, cancellationdate, person, parents, puttimebegin, puttimeend, picktimebegin, picktimeend) values (10, '2017-06-01', '2017-07-10', 39, 5, '07:30:00', '08:00:00', '13:30:00', '14:00:00')
insert into child (id, registrationdate, cancellationdate, person, parents, puttimebegin, puttimeend, picktimebegin, picktimeend) values (11, '2017-06-01', '2017-07-11', 40, 6, '07:30:00', '08:00:00', '13:30:00', '14:00:00')
insert into child (id, registrationdate, cancellationdate, person, parents, puttimebegin, puttimeend, picktimebegin, picktimeend) values (12, '2017-06-01', '2017-07-12', 41, 6, '07:10:00', '08:00:00', '13:30:00', '14:00:00')
insert into child (id, registrationdate, cancellationdate, person, parents, puttimebegin, puttimeend, picktimebegin, picktimeend) values (13, '2017-06-01', '2017-07-13', 42, 6, '07:30:00', '08:00:00', '13:30:00', '14:00:00')
insert into child (id, registrationdate, cancellationdate, person, parents, puttimebegin, puttimeend, picktimebegin, picktimeend) values (14, '2017-06-01', '2017-07-14', 43, 1, '07:30:00', '08:00:00', '13:30:00', '14:00:00')
insert into child (id, registrationdate, cancellationdate, person, parents, puttimebegin, puttimeend, picktimebegin, picktimeend) values (15, '2017-06-01', '2017-07-15', 44, 2, '07:30:00', '08:00:00', '13:30:00', '14:00:00')
insert into child (id, registrationdate, cancellationdate, person, parents, puttimebegin, puttimeend, picktimebegin, picktimeend) values (16, '2017-06-01', '2017-07-18', 45, 8, '07:15:00', '08:00:00', '13:30:00', '14:00:00')
insert into child (id, registrationdate, cancellationdate, person, parents, puttimebegin, puttimeend, picktimebegin, picktimeend) values (17, '2017-06-01', '2017-07-17', 46, 8, '07:30:00', '08:00:00', '13:30:00', '14:00:00')
insert into child (id, registrationdate, cancellationdate, person, parents, puttimebegin, puttimeend, picktimebegin, picktimeend) values (18, '2017-06-01', '2017-07-19', 47, 8, '07:30:00', '08:00:00', '13:30:00', '14:00:00')
insert into child (id, registrationdate, cancellationdate, person, parents, puttimebegin, puttimeend, picktimebegin, picktimeend) values (19, '2017-06-01', '2017-07-20', 48, 9, '08:30:00', '09:00:00', '13:30:00', '14:00:00')
insert into child (id, registrationdate, cancellationdate, person, parents, puttimebegin, puttimeend, picktimebegin, picktimeend) values (20, '2017-06-01', '2017-07-21', 49, 9, '07:30:00', '08:00:00', '13:30:00', '14:00:00')
insert into child (id, registrationdate, cancellationdate, person, parents, puttimebegin, puttimeend, picktimebegin, picktimeend) values (21, '2017-06-01', '2017-07-22', 50, 9, '07:30:00', '08:00:00', '13:30:00', '14:00:00')

insert into contact_for (id, contact, child) values (1, 1, 1)
insert into contact_for (id, contact, child) values (2, 2, 2)
insert into contact_for (id, contact, child) values (3, 3, 3)
insert into contact_for (id, contact, child) values (4, 4, 4)
insert into contact_for (id, contact, child) values (5, 4, 5)
insert into contact_for (id, contact, child) values (6, 5, 6)
insert into contact_for (id, contact, child) values (7, 5, 7)
insert into contact_for (id, contact, child) values (8, 6, 8)
insert into contact_for (id, contact, child) values (9, 6, 9)
insert into contact_for (id, contact, child) values (10, 6, 10)

insert into contact_pickup (id, contact, child, date) values (1, 1, 1, '2017-06-01')
insert into contact_pickup (id, contact, child, date) values (2, 2, 2, '2017-06-02')
insert into contact_pickup (id, contact, child, date) values (3, 2, 3, '2017-06-03')
insert into contact_pickup (id, contact, child, date) values (4, 3, 4, '2017-06-04')
insert into contact_pickup (id, contact, child, date) values (5, 3, 5, '2017-06-05')
insert into contact_pickup (id, contact, child, date) values (6, 3, 6, '2017-06-06')
insert into contact_pickup (id, contact, child, date) values (7, 1, 7, '2017-06-07')
insert into contact_pickup (id, contact, child, date) values (8, 2, 8, '2017-06-08')
insert into contact_pickup (id, contact, child, date) values (9, 2, 9, '2017-06-09')
insert into contact_pickup (id, contact, child, date) values (10, 3, 10, '2017-06-10')
insert into contact_pickup (id, contact, child, date) values (11, 3, 1, '2017-06-11')
insert into contact_pickup (id, contact, child, date) values (12, 3, 2, '2017-06-12')
insert into contact_pickup (id, contact, child, date) values (13, 1, 3, '2017-06-13')
insert into contact_pickup (id, contact, child, date) values (14, 2, 4, '2017-06-14')
insert into contact_pickup (id, contact, child, date) values (15, 2, 5, '2017-06-15')
insert into contact_pickup (id, contact, child, date) values (16, 3, 6, '2017-06-16')
insert into contact_pickup (id, contact, child, date) values (17, 3, 7, '2017-06-17')
insert into contact_pickup (id, contact, child, date) values (18, 3, 8, '2017-06-18')
insert into contact_pickup (id, contact, child, date) values (19, 4, 9, '2017-06-19')
insert into contact_pickup (id, contact, child, date) values (20, 5, 10, '2017-06-20')
insert into contact_pickup (id, contact, child, date) values (21, 5, 1, '2017-06-21')
insert into contact_pickup (id, contact, child, date) values (22, 6, 2, '2017-06-22')
insert into contact_pickup (id, contact, child, date) values (23, 6, 3, '2017-06-23')
insert into contact_pickup (id, contact, child, date) values (24, 6, 4, '2017-06-24')
insert into contact_pickup (id, contact, child, date) values (25, 4, 5, '2017-06-25')
insert into contact_pickup (id, contact, child, date) values (26, 5, 6, '2017-06-26')
insert into contact_pickup (id, contact, child, date) values (27, 5, 7, '2017-06-27')
insert into contact_pickup (id, contact, child, date) values (28, 6, 8, '2017-06-28')
insert into contact_pickup (id, contact, child, date) values (29, 6, 9, '2017-06-29')
insert into contact_pickup (id, contact, child, date) values (30, 6, 10, '2017-06-30')

insert into lunch (id, date, child) values (1, '2017-06-01', 1)
insert into lunch (id, date, child) values (2, '2017-06-02', 2)

insert into lunch (id, date, child) values (3, '2017-06-06', 3)
insert into lunch (id, date, child) values (4, '2017-06-07', 4)
insert into lunch (id, date, child) values (5, '2017-06-08', 5)
insert into lunch (id, date, child) values (6, '2017-06-09', 6)

insert into lunch (id, date, child) values (7, '2017-06-12', 7)
insert into lunch (id, date, child) values (8, '2017-06-13', 8)
insert into lunch (id, date, child) values (9, '2017-06-14', 9)
insert into lunch (id, date, child) values (10, '2017-06-15', 10)
insert into lunch (id, date, child) values (11, '2017-06-16', 11)

insert into lunch (id, date, child) values (12, '2017-06-19', 12)
insert into lunch (id, date, child) values (13, '2017-06-20', 13)
insert into lunch (id, date, child) values (14, '2017-06-21', 14)
insert into lunch (id, date, child) values (15, '2017-06-22', 15)
insert into lunch (id, date, child) values (16, '2017-06-23', 16)

insert into lunch (id, date, child) values (17, '2017-06-26', 17)
insert into lunch (id, date, child) values (18, '2017-06-27', 18)
insert into lunch (id, date, child) values (19, '2017-06-28', 19)
insert into lunch (id, date, child) values (20, '2017-06-29', 20)
insert into lunch (id, date, child) values (21, '2017-06-30', 21)

insert into job (id, title, description, startdate, enddate, daysbefore, parents, done) values (1, 'Boden wischen', 'Den gesamten Boden putzen.', '2017-06-01', '2017-06-07', 5, 2, false)
insert into job (id, title, description, startdate, enddate, daysbefore, parents, done) values (2, 'Geschirr spülen', 'Alle Teller, Messer und Gabeln müssen einmal gründlich gereinigt werden.', '2017-06-06', '2017-06-07', 2, 2, false)
insert into job (id, title, description, startdate, enddate, daysbefore, parents, done) values (3, 'Frühstück mitbringen', 'Wir wollen am 07. Januar 2000 ein gesundes Frühstück essen. Bitte zubereiten!', '2017-06-06', '2017-06-07', 10, 3, true)
insert into job (id, title, description, startdate, enddate, daysbefore, parents, done) values (4, 'Mittagessen besorgen', 'Wir haben nächste Woche am Montag keine Küche und müssen deshalb für Mittagessen auf andere Art und Weise sorgen!', '2017-06-05', '2017-06-05', 3, 4, false)
insert into job (id, title, description, startdate, enddate, daysbefore, parents, done) values (5, 'Spielsachen kaufen', 'Wir brauchen neue Bälle und etwas für die Eisenbahn!', '2017-06-06', '2017-06-07', 4, 5, false)
insert into job (id, title, description, startdate, enddate, daysbefore, parents, done) values (6, 'Hilfe beim Wand-Strich', 'Für die neu-Bemalung der Außenwand benötigen wir hilfe!', '2017-06-06', '2017-06-07', 9, 3, false)
insert into job (id, title, description, startdate, enddate, daysbefore, parents, done) values (7, 'Unterstützung bei Betreuung', 'Wir starten ein großes Zeichen-Event und benötigen dafür Unterstützung bei der Betreuung!', '2017-06-15', '2017-06-15', 2, 6, false)
insert into job (id, title, description, startdate, enddate, daysbefore, parents, done) values (8, 'Gerätereparatur', 'Unsere Waschmaschine will nicht mehr laufen. Wir benötigen Hilfe bei der Reparatur!', '2017-06-21', '2017-06-21', 4, 7, false)

insert into holiday (id, name, fromdate, todate) values (1, 'christmas 2000', '2000-12-24', '2000-12-26')
insert into holiday (id, name, fromdate, todate) values (2, 'christmas 2001', '2001-12-24', '2001-12-26')
insert into holiday (id, name, fromdate, todate) values (3, 'christmas 2002', '2002-12-24', '2002-12-26')
insert into holiday (id, name, fromdate, todate) values (4, 'christmas 2003', '2003-12-24', '2003-12-26')
insert into holiday (id, name, fromdate, todate) values (5, 'christmas 2004', '2004-12-24', '2004-12-26')
insert into holiday (id, name, fromdate, todate) values (6, 'christmas 2005', '2005-12-24', '2005-12-26')
insert into holiday (id, name, fromdate, todate) values (7, 'christmas 2006', '2006-12-24', '2006-12-26')
insert into holiday (id, name, fromdate, todate) values (8, 'christmas 2007', '2007-12-24', '2007-12-26')
insert into holiday (id, name, fromdate, todate) values (9, 'christmas 2008', '2008-12-24', '2008-12-26')
insert into holiday (id, name, fromdate, todate) values (10, 'christmas 2009', '2009-12-24', '2009-12-26')
insert into holiday (id, name, fromdate, todate) values (11, 'christmas 2010', '2010-12-24', '2010-12-26')
insert into holiday (id, name, fromdate, todate) values (12, 'christmas 2011', '2011-12-24', '2011-12-26')
insert into holiday (id, name, fromdate, todate) values (13, 'christmas 2012', '2012-12-24', '2012-12-26')
insert into holiday (id, name, fromdate, todate) values (14, 'christmas 2013', '2013-12-24', '2013-12-26')
insert into holiday (id, name, fromdate, todate) values (15, 'christmas 2014', '2014-12-24', '2014-12-26')
insert into holiday (id, name, fromdate, todate) values (16, 'christmas 2015', '2015-12-24', '2015-12-26')
insert into holiday (id, name, fromdate, todate) values (17, 'christmas 2016', '2016-12-24', '2016-12-26')
insert into holiday (id, name, fromdate, todate) values (18, 'christmas 2017', '2017-12-24', '2017-12-26')
insert into holiday (id, name, fromdate, todate) values (19, 'christmas 2018', '2018-12-24', '2018-12-26')
insert into holiday (id, name, fromdate, todate) values (20, 'christmas 2019', '2019-12-24', '2019-12-26')
insert into holiday (id, name, fromdate, todate) values (21, 'christmas 2020', '2020-12-24', '2020-12-26')

insert into scheduled_supervisor (id, date, supervisor) values (1, '2017-06-01', 1)
insert into scheduled_supervisor (id, date, supervisor) values (2, '2017-06-02', 1)

insert into scheduled_supervisor (id, date, supervisor) values (3, '2017-06-06', 2)
insert into scheduled_supervisor (id, date, supervisor) values (4, '2017-06-07', 2)
insert into scheduled_supervisor (id, date, supervisor) values (5, '2017-06-08', 2)
insert into scheduled_supervisor (id, date, supervisor) values (6, '2017-06-09', 2)

insert into scheduled_supervisor (id, date, supervisor) values (7, '2017-06-12', 2)
insert into scheduled_supervisor (id, date, supervisor) values (8, '2017-06-13', 2)
insert into scheduled_supervisor (id, date, supervisor) values (9, '2017-06-14', 2)
insert into scheduled_supervisor (id, date, supervisor) values (10, '2017-06-15', 2)
insert into scheduled_supervisor (id, date, supervisor) values (11, '2017-06-16', 2)

insert into scheduled_supervisor (id, date, supervisor) values (12, '2017-06-19', 2)
insert into scheduled_supervisor (id, date, supervisor) values (13, '2017-06-20', 2)
insert into scheduled_supervisor (id, date, supervisor) values (14, '2017-06-21', 2)
insert into scheduled_supervisor (id, date, supervisor) values (15, '2017-06-22', 2)
insert into scheduled_supervisor (id, date, supervisor) values (16, '2017-06-23', 2)

insert into scheduled_supervisor (id, date, supervisor) values (17, '2017-06-26', 2)
insert into scheduled_supervisor (id, date, supervisor) values (18, '2017-06-27', 2)
insert into scheduled_supervisor (id, date, supervisor) values (19, '2017-06-28', 2)
insert into scheduled_supervisor (id, date, supervisor) values (20, '2017-06-29', 2)
insert into scheduled_supervisor (id, date, supervisor) values (21, '2017-06-30', 2)

insert into scheduled_child (id, date, child) values (1, '2017-06-01', 1)
insert into scheduled_child (id, date, child) values (2, '2017-06-02', 2)

insert into scheduled_child (id, date, child) values (3, '2017-06-06', 3)
insert into scheduled_child (id, date, child) values (4, '2017-06-07', 4)
insert into scheduled_child (id, date, child) values (5, '2017-06-08', 5)
insert into scheduled_child (id, date, child) values (6, '2017-06-09', 6)

insert into scheduled_child (id, date, child) values (7, '2017-06-12', 7)
insert into scheduled_child (id, date, child) values (8, '2017-06-13', 8)
insert into scheduled_child (id, date, child) values (9, '2017-06-14', 9)
insert into scheduled_child (id, date, child) values (10, '2017-06-15', 10)
insert into scheduled_child (id, date, child) values (11, '2017-06-16', 11)

insert into scheduled_child (id, date, child) values (12, '2017-06-19', 12)
insert into scheduled_child (id, date, child) values (13, '2017-06-20', 13)
insert into scheduled_child (id, date, child) values (14, '2017-06-21', 14)
insert into scheduled_child (id, date, child) values (15, '2017-06-22', 15)
insert into scheduled_child (id, date, child) values (16, '2017-06-23', 16)

insert into scheduled_child (id, date, child) values (17, '2017-06-26', 17)
insert into scheduled_child (id, date, child) values (18, '2017-06-27', 18)
insert into scheduled_child (id, date, child) values (19, '2017-06-28', 19)
insert into scheduled_child (id, date, child) values (20, '2017-06-29', 20)
insert into scheduled_child (id, date, child) values (21, '2017-06-30', 21)

insert into scheduled_absent_child (id, date, absentchild) values (1, '2000-01-01', 2)
insert into scheduled_absent_child (id, date, absentchild) values (2, '2000-01-02', 1)

insert into scheduled_max_childs (id, date, childslimit) values (1, '2017-06-01', 15)
insert into scheduled_max_childs (id, date, childslimit) values (2, '2017-06-02', 30)

insert into scheduled_max_childs (id, date, childslimit) values (3, '2017-06-06', 30)
insert into scheduled_max_childs (id, date, childslimit) values (4, '2017-06-07', 30)
insert into scheduled_max_childs (id, date, childslimit) values (5, '2017-06-08', 30)
insert into scheduled_max_childs (id, date, childslimit) values (6, '2017-06-09', 30)

insert into scheduled_max_childs (id, date, childslimit) values (7, '2017-06-12', 30)
insert into scheduled_max_childs (id, date, childslimit) values (8, '2017-06-13', 30)
insert into scheduled_max_childs (id, date, childslimit) values (9, '2017-06-14', 30)
insert into scheduled_max_childs (id, date, childslimit) values (10, '2017-06-15', 30)
insert into scheduled_max_childs (id, date, childslimit) values (11, '2017-06-16', 30)

insert into scheduled_max_childs (id, date, childslimit) values (12, '2017-06-19', 30)
insert into scheduled_max_childs (id, date, childslimit) values (13, '2017-06-20', 30)
insert into scheduled_max_childs (id, date, childslimit) values (14, '2017-06-21', 30)
insert into scheduled_max_childs (id, date, childslimit) values (15, '2017-06-22', 30)
insert into scheduled_max_childs (id, date, childslimit) values (16, '2017-06-23', 30)

insert into scheduled_max_childs (id, date, childslimit) values (17, '2017-06-26', 30)
insert into scheduled_max_childs (id, date, childslimit) values (18, '2017-06-27', 30)
insert into scheduled_max_childs (id, date, childslimit) values (19, '2017-06-28', 30)
insert into scheduled_max_childs (id, date, childslimit) values (20, '2017-06-29', 30)
insert into scheduled_max_childs (id, date, childslimit) values (21, '2017-06-30', 30)

insert into message (id, title, content, datetime, Author) values (1, 'test', 'testcontent', '2000-01-01 00:00:00', 4)
